{
  "name" : "Doppio4iOS",
  "identifier" : "com.sudorm.doppio",
  "gameTypeIdentifier" : "com.rileytestut.delta.game.gba",
  "debug" : false,
  "representations" : {
    "iphone" : {
      "standard" : {
        "portrait" : {
          "assets" : {
            "resizable" : "iphone_portrait.pdf"
          },
          "items" : [
            {
              "inputs" : {
                "up" : "up",
                "down" : "down",
                "left" : "left",
                "right" : "right"
              },
              "frame" : {
                "x" : 6,
                "y" : 56,
                "width" : 132,
                "height" : 132
              },
              "extendedEdges" : {
                "top" : 15,
                "bottom" : 15,
                "left" : 15,
                "right" : 15
              }
            },
            {
              "inputs" : [
                "a"
              ],
              "frame" : {
                "x" : 241,
                "y" : 62,
                "width" : 64,
                "height" : 64
              },
              "extendedEdges" : {
                "right" : 15
              }
            },
            {
              "inputs" : [
                "b"
              ],
              "frame" : {
                "x" : 176,
                "y" : 121,
                "width" : 64,
                "height" : 64
              }
            },
            {
              "inputs" : [
                "l"
              ],
              "frame" : {
                "x" : 0,
                "y" : 0,
                "width" : 97,
                "height" : 29
              }
            },
            {
              "inputs" : [
                "r"
              ],
              "frame" : {
                "x" : 224,
                "y" : 0,
                "width" : 97,
                "height" : 29
              }
            },
            {
              "inputs" : [
                "start"
              ],
              "frame" : {
                "x" : 176,
                "y" : 205,
                "width" : 21,
                "height" : 21
              },
              "extendedEdges" : {
                "bottom" : 13
              }
            },
            {
              "inputs" : [
                "select"
              ],
              "frame" : {
                "x" : 124,
                "y" : 205,
                "width" : 21,
                "height" : 21
              },
              "extendedEdges" : {
                "bottom" : 13
              }
            },
            {
              "inputs" : [
                "menu"
              ],
              "frame" : {
                "x" : 8,
                "y" : 205,
                "width" : 21,
                "height" : 21
              },
              "extendedEdges" : {
                "left" : 8,
                "bottom" : 13
              }
            }
          ],
          "mappingSize" : {
            "width" : 320,
            "height" : 240
          },
          "extendedEdges" : {
            "top" : 7,
            "bottom" : 7,
            "left" : 7,
            "right" : 7
          }
        },
      },
      "edgeToEdge" : {
        "portrait" : {
          "assets" : {
            "resizable" : "iphone_edgetoedge_portrait.pdf"
          },
          "items" : [
            {
              "inputs" : {
                "up" : "up",
                "down" : "down",
                "left" : "left",
                "right" : "right"
              },
              "frame" : {
                "x" : 6,
                "y" : 56,
                "width" : 132,
                "height" : 132
              },
              "extendedEdges" : {
                "top" : 15,
                "bottom" : 15,
                "left" : 15,
                "right" : 15
              }
            },
            {
              "inputs" : [
                "a"
              ],
              "frame" : {
                "x" : 241,
                "y" : 62,
                "width" : 64,
                "height" : 64
              },
              "extendedEdges" : {
                "right" : 15
              }
            },
            {
              "inputs" : [
                "b"
              ],
              "frame" : {
                "x" : 176,
                "y" : 121,
                "width" : 64,
                "height" : 64
              }
            },
            {
              "inputs" : [
                "l"
              ],
              "frame" : {
                "x" : 0,
                "y" : 0,
                "width" : 97,
                "height" : 29
              }
            },
            {
              "inputs" : [
                "r"
              ],
              "frame" : {
                "x" : 224,
                "y" : 0,
                "width" : 97,
                "height" : 29
              }
            },
            {
              "inputs" : [
                "start"
              ],
              "frame" : {
                "x" : 176,
                "y" : 205,
                "width" : 21,
                "height" : 21
              },
              "extendedEdges" : {
                "bottom" : 13
              }
            },
            {
              "inputs" : [
                "select"
              ],
              "frame" : {
                "x" : 124,
                "y" : 205,
                "width" : 21,
                "height" : 21
              },
              "extendedEdges" : {
                "bottom" : 13
              }
            },
            {
              "inputs" : [
                "menu"
              ],
              "frame" : {
                "x" : 8,
                "y" : 205,
                "width" : 21,
                "height" : 21
              },
              "extendedEdges" : {
                "left" : 8,
                "bottom" : 13
              }
            }
          ],
          "mappingSize" : {
            "width" : 320,
            "height" : 274
          },
          "extendedEdges" : {
            "top" : 7,
            "bottom" : 7,
            "left" : 7,
            "right" : 7
          }
        },
      }
    }
  }
}